<?xml version="1.0" encoding="UTF-8"?>
<beans xmlns="http://www.springframework.org/schema/beans"
	xmlns:context="http://www.springframework.org/schema/context"
	xmlns:xsi="http://www.w3.org/2001/XMLSchema-instance"
	xsi:schemaLocation=" http://www.springframework.org/schema/beans 
	http://www.springframework.org/schema/beans/spring-beans.xsd
	http://www.springframework.org/schema/context http://www.springframework.org/schema/context/spring-context.xsd">

	<context:component-scan
		base-package="com.passport.passportapp"></context:component-scan>


	<bean id=""
		class="org.springframework.web.servlet.view.InternalResourceViewResolver">
		<property name="prefix">
			<value>/</value>
		</property>
		<property name="suffix">
			<value>.jsp</value>
		</property>
	</bean>
	
	
	<context:property-placeholder location="classpath:/resources/db.properties"/>

<bean id ="factory"  class="org.springframework.orm.hibernate5.LocalSessionFactoryBean">
<property name="dataSource"   ref ="driverManagerDataSource"></property>
<property name="annotatedClasses" >
<list>
<value>com.passport.passportapp.dto.PassportDTO</value>

</list>

</property>
<property name="hibernateProperties" >
<props>
<prop key="org.hibernate.dialect">org.hibernate.dialect.MySQLDialect</prop>

</props>

</property>

</bean>

<bean id = "driverManagerDataSource" class = "org.springframework.jdbc.datasource.DriverManagerDataSource">
<property name="driverClassName" value="${driverManagerDataSource.driverClassName}"></property>
<property name="url" value="${driverManagerDataSource.url}"></property>
<property name="username" value="${driverManagerDataSource.username}"></property>
<property name="password" value="${driverManagerDataSource.password}"></property>

</bean>
	


</beans>