<?xml version="1.0" encoding="UTF-8"?>
<beans xmlns="http://www.springframework.org/schema/beans"
	xmlns:context="http://www.springframework.org/schema/context"
	xmlns:xsi="http://www.w3.org/2001/XMLSchema-instance"
	xsi:schemaLocation=" http://www.springframework.org/schema/beans 
	http://www.springframework.org/schema/beans/spring-beans.xsd
	http://www.springframework.org/schema/context http://www.springframework.org/schema/context/spring-context.xsd">


<bean id= "stockMarketBean"  class="com.stock.stockapp.bean.StockMarketBean" >
<property name="stockMarketId" value="23"></property>
<property name="stockMarketName" value="BSE"></property>
<property name="stocks"  ref="stockBean"></property>

</bean>

<bean id="stockBean" class="com.stock.stockapp.bean.StockBean">
<property name="stockId" value="56"></property>
<property name="name" value="ABB India Limited"></property>
<property name="price"  value="678.00"></property>
<property name="symbol" value="ABB"></property>
</bean>

</beans>