<?xml version="1.0" encoding="UTF-8"?>
<beans xmlns="http://www.springframework.org/schema/beans"
	xmlns:context="http://www.springframework.org/schema/context"
	xmlns:xsi="http://www.w3.org/2001/XMLSchema-instance"
	xsi:schemaLocation=" http://www.springframework.org/schema/beans 
	http://www.springframework.org/schema/beans/spring-beans.xsd
	http://www.springframework.org/schema/context http://www.springframework.org/schema/context/spring-context.xsd">


<bean id ="planetBean"  class="com.dev.devapp.bean.PlanetBean">
<constructor-arg value="8" type="int"></constructor-arg>
<constructor-arg value="Neptune"></constructor-arg>
<constructor-arg value="7890789078"></constructor-arg>
<constructor-arg value="false" type="boolean"></constructor-arg>
</bean>

<bean id ="integer" class="java.lang.Integer">
<constructor-arg value="67"></constructor-arg>
</bean>



</beans>